ATM名,住所,平日,土曜日,日曜日,祝日,fX,fY
JAえひめ中央伊台支所,愛媛県松山市下伊台町1438-2,8:45~19:00,9:00~17:00,9:00~17:00,9:00~17:00,132.79865,33.87848
JAえひめ中央桑原支所,愛媛県松山市樽味1-4-3,8:45~19:00,9:00~17:00,9:00~17:00,9:00~17:00,132.78552,33.83874
JAえひめ中央御幸支所,愛媛県松山市山越2-3-37,8:45~20:00,9:00~17:00,9:00~17:00,9:00~17:00,132.75862,33.86078
JAえひめ中央道後支所,愛媛県松山市道後町1-929-1,8:45~19:00,9:00~17:00,9:00~17:00,9:00~17:00,132.78419,33.84921
JA愛媛信連本所,愛媛県松山市南堀端町2-3,8:45~18:00,9:00~17:00,9:00~17:00,9:00~17:00,132.76215,33.83909
JA松山市朝美支所,愛媛県松山市朝美1-8-26,8:45~18:00,8:45~17:00,-,-,132.74666,33.84422
JA愛媛信連本所),愛媛県松山市湊町5-1-1伊予鉄高島屋南館2階,8:45~19:30,8:45~19:30,9:00~19:30,9:00~19:30,132.76326,33.83559
JA愛媛信連本所),愛媛県松山市一番町3-1-1松山三越8階,8:45~19:00,8:45~19:00,9:00~19:00,9:00~19:00,132.76939,33.84079
JAえひめ中央本所),愛媛県松山市千舟町8-120-1,8:45~19:00,9:00~17:00,9:00~17:00,9:00~17:00,132.7529,33.83685
JAえひめ中央荏原支所,愛媛県松山市東方町甲1221-3,8:45~19:00,9:00~17:00,9:00~17:00,9:00~17:00,132.82101,33.76923
JAえひめ中央垣生支所,愛媛県松山市西垣生町1241-2,8:45~19:00,9:00~17:00,9:00~17:00,9:00~17:00,132.70238,33.81383
JAえひめ中央久米出張所,愛媛県松山市鷹子町907-1,8:45~19:00,9:00~17:00,9:00~17:00,9:00~17:00,132.80956,33.81686
JAえひめ中央生石支所,愛媛県松山市高岡町841-1,8:45~19:00,9:00~17:00,9:00~17:00,9:00~17:00,132.71414,33.83063
JAえひめ中央潮見支所,愛媛県松山市吉藤4-7-26,8:45~19:00,9:00~17:00,9:00~17:00,9:00~17:00,132.7549,33.87458
JAえひめ中央中島支所,愛媛県松山市中島大浦1623,8:45~18:00,8:45~17:00,-,-,132.62985,33.97678
JA松山市椿支所,愛媛県松山市古川西1-4-6,8:45~18:00,8:45~17:00,-,-,132.7581,33.80993